"","int","slope","rsq","se","p_val"
"1",-3.83034704735363,1.31957598077485,0.8638241305951,0.0393808586463444,1.50179125452888e-78
